"INDICATOR","Indicator","LOCATION","Country","TIME","Time","Value","Flag Codes","Flags"
"RESDEN_INHAB_TFTE","Researchers per million inhabitants (FTE)","AUT","Austria","2017","2017",5416.8937,,
"RESDEN_INHAB_TFTE","Researchers per million inhabitants (FTE)","AUT","Austria","2018","2018",5683.24278,,
"RESDEN_INHAB_TFTE","Researchers per million inhabitants (FTE)","AUT","Austria","2019","2019",5959.54993,,
"RESDEN_INHAB_TFTE","Researchers per million inhabitants (FTE)","AUT","Austria","2020","2020",5829.83733,,
"RESDEN_INHAB_TFTE","Researchers per million inhabitants (FTE)","AUT","Austria","2021","2021",6341.73871,,
"RESDEN_INHAB_TFTE","Researchers per million inhabitants (FTE)","AUT","Austria","2022","2022",6705.92435,,
"RESDEN_INHAB_TFTE","Researchers per million inhabitants (FTE)","BEL","Belgium","2017","2017",4757.92552,,
"RESDEN_INHAB_TFTE","Researchers per million inhabitants (FTE)","BEL","Belgium","2018","2018",5032.36784,,
"RESDEN_INHAB_TFTE","Researchers per million inhabitants (FTE)","BEL","Belgium","2019","2019",5280.4219,,
"RESDEN_INHAB_TFTE","Researchers per million inhabitants (FTE)","BEL","Belgium","2020","2020",5410.83206,,
"RESDEN_INHAB_TFTE","Researchers per million inhabitants (FTE)","BEL","Belgium","2021","2021",6581.89232,,
"RESDEN_INHAB_TFTE","Researchers per million inhabitants (FTE)","BEL","Belgium","2022","2022",6950.11004,,
"RESDEN_INHAB_TFTE","Researchers per million inhabitants (FTE)","CAN","Canada","2017","2017",4459.44796,,
"RESDEN_INHAB_TFTE","Researchers per million inhabitants (FTE)","CAN","Canada","2018","2018",4749.13107,,
"RESDEN_INHAB_TFTE","Researchers per million inhabitants (FTE)","CAN","Canada","2019","2019",4884.82065,,
"RESDEN_INHAB_TFTE","Researchers per million inhabitants (FTE)","CAN","Canada","2020","2020",5191.18586,,
"RESDEN_INHAB_TFTE","Researchers per million inhabitants (FTE)","CAN","Canada","2021","2021",5455.40464,,
"RESDEN_INHAB_TFTE","Researchers per million inhabitants (FTE)","CZE","Czechia","2017","2017",3721.12213,,
"RESDEN_INHAB_TFTE","Researchers per million inhabitants (FTE)","CZE","Czechia","2018","2018",3911.20709,,
"RESDEN_INHAB_TFTE","Researchers per million inhabitants (FTE)","CZE","Czechia","2019","2019",4033.88589,,
"RESDEN_INHAB_TFTE","Researchers per million inhabitants (FTE)","CZE","Czechia","2020","2020",4194.94525,,
"RESDEN_INHAB_TFTE","Researchers per million inhabitants (FTE)","CZE","Czechia","2021","2021",4568.60692,,
"RESDEN_INHAB_TFTE","Researchers per million inhabitants (FTE)","CZE","Czechia","2022","2022",4706.09921,,
"RESDEN_INHAB_TFTE","Researchers per million inhabitants (FTE)","DNK","Denmark","2017","2017",7683.44205,,
"RESDEN_INHAB_TFTE","Researchers per million inhabitants (FTE)","DNK","Denmark","2018","2018",7635.77738,,
"RESDEN_INHAB_TFTE","Researchers per million inhabitants (FTE)","DNK","Denmark","2019","2019",7727.23923,,
"RESDEN_INHAB_TFTE","Researchers per million inhabitants (FTE)","DNK","Denmark","2020","2020",7667.30376,,
"RESDEN_INHAB_TFTE","Researchers per million inhabitants (FTE)","DNK","Denmark","2021","2021",7707.72522,,
"RESDEN_INHAB_TFTE","Researchers per million inhabitants (FTE)","DNK","Denmark","2022","2022",8743.72889,,
"RESDEN_INHAB_TFTE","Researchers per million inhabitants (FTE)","FIN","Finland","2017","2017",6731.79223,,
"RESDEN_INHAB_TFTE","Researchers per million inhabitants (FTE)","FIN","Finland","2018","2018",6872.98388,,
"RESDEN_INHAB_TFTE","Researchers per million inhabitants (FTE)","FIN","Finland","2019","2019",7246.27201,,
"RESDEN_INHAB_TFTE","Researchers per million inhabitants (FTE)","FIN","Finland","2020","2020",7548.50264,,
"RESDEN_INHAB_TFTE","Researchers per million inhabitants (FTE)","FIN","Finland","2021","2021",7870.6534,,
"RESDEN_INHAB_TFTE","Researchers per million inhabitants (FTE)","FIN","Finland","2022","2022",8087.73437,,
"RESDEN_INHAB_TFTE","Researchers per million inhabitants (FTE)","FRA","France","2017","2017",4624.69676,,
"RESDEN_INHAB_TFTE","Researchers per million inhabitants (FTE)","FRA","France","2018","2018",4756.58411,,
"RESDEN_INHAB_TFTE","Researchers per million inhabitants (FTE)","FRA","France","2019","2019",4870.45611,,
"RESDEN_INHAB_TFTE","Researchers per million inhabitants (FTE)","FRA","France","2020","2020",4986.1801,,
"RESDEN_INHAB_TFTE","Researchers per million inhabitants (FTE)","FRA","France","2021","2021",5175.00557,,
"RESDEN_INHAB_TFTE","Researchers per million inhabitants (FTE)","FRA","France","2022","2022",5311.2937,,
"RESDEN_INHAB_TFTE","Researchers per million inhabitants (FTE)","DEU","Germany","2017","2017",5087.25427,,
"RESDEN_INHAB_TFTE","Researchers per million inhabitants (FTE)","DEU","Germany","2018","2018",5239.97188,,
"RESDEN_INHAB_TFTE","Researchers per million inhabitants (FTE)","DEU","Germany","2019","2019",5428.21538,,
"RESDEN_INHAB_TFTE","Researchers per million inhabitants (FTE)","DEU","Germany","2020","2020",5413.81885,,
"RESDEN_INHAB_TFTE","Researchers per million inhabitants (FTE)","DEU","Germany","2021","2021",5535.95429,,
"RESDEN_INHAB_TFTE","Researchers per million inhabitants (FTE)","DEU","Germany","2022","2022",5811.35875,,
"RESDEN_INHAB_TFTE","Researchers per million inhabitants (FTE)","GRC","Greece","2017","2017",3264.14594,,
"RESDEN_INHAB_TFTE","Researchers per million inhabitants (FTE)","GRC","Greece","2018","2018",3441.0649,,
"RESDEN_INHAB_TFTE","Researchers per million inhabitants (FTE)","GRC","Greece","2019","2019",3684.86922,,
"RESDEN_INHAB_TFTE","Researchers per million inhabitants (FTE)","GRC","Greece","2020","2020",4073.54743,,
"RESDEN_INHAB_TFTE","Researchers per million inhabitants (FTE)","GRC","Greece","2021","2021",4326.3066,,
"RESDEN_INHAB_TFTE","Researchers per million inhabitants (FTE)","GRC","Greece","2022","2022",4958.04262,,
"RESDEN_INHAB_TFTE","Researchers per million inhabitants (FTE)","HUN","Hungary","2017","2017",2901.01543,,
"RESDEN_INHAB_TFTE","Researchers per million inhabitants (FTE)","HUN","Hungary","2018","2018",3845.49153,,
"RESDEN_INHAB_TFTE","Researchers per million inhabitants (FTE)","HUN","Hungary","2019","2019",4020.57775,,
"RESDEN_INHAB_TFTE","Researchers per million inhabitants (FTE)","HUN","Hungary","2020","2020",4308.95424,,
"RESDEN_INHAB_TFTE","Researchers per million inhabitants (FTE)","HUN","Hungary","2021","2021",4452.15175,,
"RESDEN_INHAB_TFTE","Researchers per million inhabitants (FTE)","HUN","Hungary","2022","2022",4723.61852,,
"RESDEN_INHAB_TFTE","Researchers per million inhabitants (FTE)","ISL","Iceland","2017","2017",5977.89008,,
"RESDEN_INHAB_TFTE","Researchers per million inhabitants (FTE)","ISL","Iceland","2018","2018",5644.09507,,
"RESDEN_INHAB_TFTE","Researchers per million inhabitants (FTE)","ISL","Iceland","2021","2021",6940.41702,,
"RESDEN_INHAB_TFTE","Researchers per million inhabitants (FTE)","ISL","Iceland","2022","2022",6949.67606,,
"RESDEN_INHAB_TFTE","Researchers per million inhabitants (FTE)","IRL","Ireland","2017","2017",5155.37079,,
"RESDEN_INHAB_TFTE","Researchers per million inhabitants (FTE)","IRL","Ireland","2018","2018",4694.24517,,
"RESDEN_INHAB_TFTE","Researchers per million inhabitants (FTE)","IRL","Ireland","2019","2019",4999.62605,,
"RESDEN_INHAB_TFTE","Researchers per million inhabitants (FTE)","IRL","Ireland","2020","2020",5235.65737,,
"RESDEN_INHAB_TFTE","Researchers per million inhabitants (FTE)","IRL","Ireland","2021","2021",5250.68228,,
"RESDEN_INHAB_TFTE","Researchers per million inhabitants (FTE)","IRL","Ireland","2022","2022",5564.84684,,
"RESDEN_INHAB_TFTE","Researchers per million inhabitants (FTE)","ITA","Italy","2017","2017",2336.93888,,
"RESDEN_INHAB_TFTE","Researchers per million inhabitants (FTE)","ITA","Italy","2018","2018",2541.03826,,
"RESDEN_INHAB_TFTE","Researchers per million inhabitants (FTE)","ITA","Italy","2019","2019",2688.64671,,
"RESDEN_INHAB_TFTE","Researchers per million inhabitants (FTE)","ITA","Italy","2020","2020",2632.27982,,
"RESDEN_INHAB_TFTE","Researchers per million inhabitants (FTE)","ITA","Italy","2021","2021",2677.84078,,
"RESDEN_INHAB_TFTE","Researchers per million inhabitants (FTE)","ITA","Italy","2022","2022",2821.78101,,
"RESDEN_INHAB_TFTE","Researchers per million inhabitants (FTE)","JPN","Japan","2017","2017",5331.27133,,
"RESDEN_INHAB_TFTE","Researchers per million inhabitants (FTE)","JPN","Japan","2018","2018",5361.96599,,
"RESDEN_INHAB_TFTE","Researchers per million inhabitants (FTE)","JPN","Japan","2019","2019",5409.53544,,
"RESDEN_INHAB_TFTE","Researchers per million inhabitants (FTE)","JPN","Japan","2020","2020",5495.25074,,
"RESDEN_INHAB_TFTE","Researchers per million inhabitants (FTE)","JPN","Japan","2021","2021",5638.41792,,
"RESDEN_INHAB_TFTE","Researchers per million inhabitants (FTE)","JPN","Japan","2022","2022",5677.18534,,
"RESDEN_INHAB_TFTE","Researchers per million inhabitants (FTE)","KOR","Republic of Korea","2017","2017",7450.55759,,
"RESDEN_INHAB_TFTE","Researchers per million inhabitants (FTE)","KOR","Republic of Korea","2018","2018",7913.5015,,
"RESDEN_INHAB_TFTE","Researchers per million inhabitants (FTE)","KOR","Republic of Korea","2019","2019",8322.58763,,
"RESDEN_INHAB_TFTE","Researchers per million inhabitants (FTE)","KOR","Republic of Korea","2020","2020",8614.63518,,
"RESDEN_INHAB_TFTE","Researchers per million inhabitants (FTE)","KOR","Republic of Korea","2021","2021",9081.93586,,
"RESDEN_INHAB_TFTE","Researchers per million inhabitants (FTE)","KOR","Republic of Korea","2022","2022",9430.50274,,
"RESDEN_INHAB_TFTE","Researchers per million inhabitants (FTE)","LUX","Luxembourg","2017","2017",4971.16521,,
"RESDEN_INHAB_TFTE","Researchers per million inhabitants (FTE)","LUX","Luxembourg","2018","2018",4756.47013,,
"RESDEN_INHAB_TFTE","Researchers per million inhabitants (FTE)","LUX","Luxembourg","2019","2019",5092.30827,,
"RESDEN_INHAB_TFTE","Researchers per million inhabitants (FTE)","LUX","Luxembourg","2020","2020",4690.30266,,
"RESDEN_INHAB_TFTE","Researchers per million inhabitants (FTE)","LUX","Luxembourg","2021","2021",4940.60373,,
"RESDEN_INHAB_TFTE","Researchers per million inhabitants (FTE)","LUX","Luxembourg","2022","2022",4892.20744,,
"RESDEN_INHAB_TFTE","Researchers per million inhabitants (FTE)","MEX","Mexico","2017","2017",320.14698,,
"RESDEN_INHAB_TFTE","Researchers per million inhabitants (FTE)","MEX","Mexico","2018","2018",317.40691,,
"RESDEN_INHAB_TFTE","Researchers per million inhabitants (FTE)","MEX","Mexico","2019","2019",335.13871,,
"RESDEN_INHAB_TFTE","Researchers per million inhabitants (FTE)","MEX","Mexico","2020","2020",357.97889,,
"RESDEN_INHAB_TFTE","Researchers per million inhabitants (FTE)","MEX","Mexico","2021","2021",384.08649,,
"RESDEN_INHAB_TFTE","Researchers per million inhabitants (FTE)","NLD","Netherlands","2017","2017",5302.34455,,
"RESDEN_INHAB_TFTE","Researchers per million inhabitants (FTE)","NLD","Netherlands","2018","2018",5535.47607,,
"RESDEN_INHAB_TFTE","Researchers per million inhabitants (FTE)","NLD","Netherlands","2019","2019",5640.24547,,
"RESDEN_INHAB_TFTE","Researchers per million inhabitants (FTE)","NLD","Netherlands","2020","2020",5865.72665,,
"RESDEN_INHAB_TFTE","Researchers per million inhabitants (FTE)","NLD","Netherlands","2021","2021",6074.31065,,
"RESDEN_INHAB_TFTE","Researchers per million inhabitants (FTE)","NLD","Netherlands","2022","2022",6410.26774,,
"RESDEN_INHAB_TFTE","Researchers per million inhabitants (FTE)","NZL","New Zealand","2017","2017",5098.76412,,
"RESDEN_INHAB_TFTE","Researchers per million inhabitants (FTE)","NZL","New Zealand","2019","2019",5724.13122,,
"RESDEN_INHAB_TFTE","Researchers per million inhabitants (FTE)","NZL","New Zealand","2021","2021",5102.2701,,
"RESDEN_INHAB_TFTE","Researchers per million inhabitants (FTE)","NOR","Norway","2017","2017",6395.43983,,
"RESDEN_INHAB_TFTE","Researchers per million inhabitants (FTE)","NOR","Norway","2018","2018",6483.52599,,
"RESDEN_INHAB_TFTE","Researchers per million inhabitants (FTE)","NOR","Norway","2019","2019",6736.85143,,
"RESDEN_INHAB_TFTE","Researchers per million inhabitants (FTE)","NOR","Norway","2020","2020",6765.33242,,
"RESDEN_INHAB_TFTE","Researchers per million inhabitants (FTE)","NOR","Norway","2021","2021",7227.93066,,
"RESDEN_INHAB_TFTE","Researchers per million inhabitants (FTE)","NOR","Norway","2022","2022",7409.44521,,
"RESDEN_INHAB_TFTE","Researchers per million inhabitants (FTE)","POL","Poland","2017","2017",2973.76616,,
"RESDEN_INHAB_TFTE","Researchers per million inhabitants (FTE)","POL","Poland","2018","2018",3056.76772,,
"RESDEN_INHAB_TFTE","Researchers per million inhabitants (FTE)","POL","Poland","2019","2019",3136.39045,,
"RESDEN_INHAB_TFTE","Researchers per million inhabitants (FTE)","POL","Poland","2020","2020",3238.20911,,
"RESDEN_INHAB_TFTE","Researchers per million inhabitants (FTE)","POL","Poland","2021","2021",3534.49865,,
"RESDEN_INHAB_TFTE","Researchers per million inhabitants (FTE)","POL","Poland","2022","2022",3693.90557,,
"RESDEN_INHAB_TFTE","Researchers per million inhabitants (FTE)","PRT","Portugal","2017","2017",4355.74753,,
"RESDEN_INHAB_TFTE","Researchers per million inhabitants (FTE)","PRT","Portugal","2018","2018",4627.17241,,
"RESDEN_INHAB_TFTE","Researchers per million inhabitants (FTE)","PRT","Portugal","2019","2019",4879.31873,,
"RESDEN_INHAB_TFTE","Researchers per million inhabitants (FTE)","PRT","Portugal","2020","2020",5163.35337,,
"RESDEN_INHAB_TFTE","Researchers per million inhabitants (FTE)","PRT","Portugal","2021","2021",5473.44707,,
"RESDEN_INHAB_TFTE","Researchers per million inhabitants (FTE)","PRT","Portugal","2022","2022",5753.62837,,
"RESDEN_INHAB_TFTE","Researchers per million inhabitants (FTE)","SVK","Slovakia","2017","2017",2801.07321,,
"RESDEN_INHAB_TFTE","Researchers per million inhabitants (FTE)","SVK","Slovakia","2018","2018",3001.40423,,
"RESDEN_INHAB_TFTE","Researchers per million inhabitants (FTE)","SVK","Slovakia","2019","2019",3114.86266,,
"RESDEN_INHAB_TFTE","Researchers per million inhabitants (FTE)","SVK","Slovakia","2020","2020",3165.59485,,
"RESDEN_INHAB_TFTE","Researchers per million inhabitants (FTE)","SVK","Slovakia","2021","2021",3211.04404,,
"RESDEN_INHAB_TFTE","Researchers per million inhabitants (FTE)","SVK","Slovakia","2022","2022",3381.50929,,
"RESDEN_INHAB_TFTE","Researchers per million inhabitants (FTE)","ESP","Spain","2017","2017",2863.75013,,
"RESDEN_INHAB_TFTE","Researchers per million inhabitants (FTE)","ESP","Spain","2018","2018",3003.56286,,
"RESDEN_INHAB_TFTE","Researchers per million inhabitants (FTE)","ESP","Spain","2019","2019",3067.66122,,
"RESDEN_INHAB_TFTE","Researchers per million inhabitants (FTE)","ESP","Spain","2020","2020",3071.44816,,
"RESDEN_INHAB_TFTE","Researchers per million inhabitants (FTE)","ESP","Spain","2021","2021",3251.74281,,
"RESDEN_INHAB_TFTE","Researchers per million inhabitants (FTE)","ESP","Spain","2022","2022",3399.82945,,
"RESDEN_INHAB_TFTE","Researchers per million inhabitants (FTE)","SWE","Sweden","2017","2017",7308.65913,,
"RESDEN_INHAB_TFTE","Researchers per million inhabitants (FTE)","SWE","Sweden","2018","2018",7433.21055,,
"RESDEN_INHAB_TFTE","Researchers per million inhabitants (FTE)","SWE","Sweden","2019","2019",7697.83607,,
"RESDEN_INHAB_TFTE","Researchers per million inhabitants (FTE)","SWE","Sweden","2020","2020",7759.49884,,
"RESDEN_INHAB_TFTE","Researchers per million inhabitants (FTE)","SWE","Sweden","2021","2021",8130.79112,,
"RESDEN_INHAB_TFTE","Researchers per million inhabitants (FTE)","SWE","Sweden","2022","2022",8570.53022,,
"RESDEN_INHAB_TFTE","Researchers per million inhabitants (FTE)","CHE","Switzerland","2017","2017",5258.54316,,
"RESDEN_INHAB_TFTE","Researchers per million inhabitants (FTE)","CHE","Switzerland","2019","2019",5562.95061,,
"RESDEN_INHAB_TFTE","Researchers per million inhabitants (FTE)","CHE","Switzerland","2021","2021",6022.74647,,
"RESDEN_INHAB_TFTE","Researchers per million inhabitants (FTE)","TUR","Türkiye","2017","2017",1430.67058,,
"RESDEN_INHAB_TFTE","Researchers per million inhabitants (FTE)","TUR","Türkiye","2018","2018",1612.14941,,
"RESDEN_INHAB_TFTE","Researchers per million inhabitants (FTE)","TUR","Türkiye","2019","2019",1775.29772,,
"RESDEN_INHAB_TFTE","Researchers per million inhabitants (FTE)","TUR","Türkiye","2020","2020",2010.29257,,
"RESDEN_INHAB_TFTE","Researchers per million inhabitants (FTE)","TUR","Türkiye","2021","2021",2261.12796,,
"RESDEN_INHAB_TFTE","Researchers per million inhabitants (FTE)","TUR","Türkiye","2022","2022",2532.7402,,
"RESDEN_INHAB_TFTE","Researchers per million inhabitants (FTE)","GBR","United Kingdom of Great Britain and Northern Ireland","2017","2017",4491.317,,
"RESDEN_INHAB_TFTE","Researchers per million inhabitants (FTE)","USA","United States of America","2017","2017",3957.69355,,
"RESDEN_INHAB_TFTE","Researchers per million inhabitants (FTE)","USA","United States of America","2018","2018",4260.58126,,
"RESDEN_INHAB_TFTE","Researchers per million inhabitants (FTE)","USA","United States of America","2019","2019",4306.71227,,
"RESDEN_INHAB_TFTE","Researchers per million inhabitants (FTE)","USA","United States of America","2020","2020",4514.06409,,
"RESDEN_INHAB_TFTE","Researchers per million inhabitants (FTE)","USA","United States of America","2021","2021",4871.55605,,
"RESDEN_INHAB_TFTE","Researchers per million inhabitants (FTE)","ARG","Argentina","2017","2017",1212.45726,,
"RESDEN_INHAB_TFTE","Researchers per million inhabitants (FTE)","ARG","Argentina","2018","2018",1227.40422,,
"RESDEN_INHAB_TFTE","Researchers per million inhabitants (FTE)","ARG","Argentina","2019","2019",1231.51703,,
"RESDEN_INHAB_TFTE","Researchers per million inhabitants (FTE)","ARG","Argentina","2020","2020",1256.26717,,
"RESDEN_INHAB_TFTE","Researchers per million inhabitants (FTE)","ARG","Argentina","2021","2021",1283.79869,,
"RESDEN_INHAB_TFTE","Researchers per million inhabitants (FTE)","BOL","Bolivia (Plurinational State of)","2017","2017",49.83286,,
"RESDEN_INHAB_TFTE","Researchers per million inhabitants (FTE)","BOL","Bolivia (Plurinational State of)","2019","2019",58.31368,,
"RESDEN_INHAB_TFTE","Researchers per million inhabitants (FTE)","BOL","Bolivia (Plurinational State of)","2021","2021",62.37397,,
"RESDEN_INHAB_TFTE","Researchers per million inhabitants (FTE)","BRN","Brunei Darussalam","2022","2022",513.56362,,
"RESDEN_INHAB_TFTE","Researchers per million inhabitants (FTE)","BGR","Bulgaria","2017","2017",2092.08124,,
"RESDEN_INHAB_TFTE","Researchers per million inhabitants (FTE)","BGR","Bulgaria","2018","2018",2310.61903,,
"RESDEN_INHAB_TFTE","Researchers per million inhabitants (FTE)","BGR","Bulgaria","2019","2019",2391.02454,,
"RESDEN_INHAB_TFTE","Researchers per million inhabitants (FTE)","BGR","Bulgaria","2020","2020",2377.55574,,
"RESDEN_INHAB_TFTE","Researchers per million inhabitants (FTE)","BGR","Bulgaria","2021","2021",2339.25243,,
"RESDEN_INHAB_TFTE","Researchers per million inhabitants (FTE)","BGR","Bulgaria","2022","2022",2558.96544,,
"RESDEN_INHAB_TFTE","Researchers per million inhabitants (FTE)","COL","Colombia","2017","2017",89.86123,,
"RESDEN_INHAB_TFTE","Researchers per million inhabitants (FTE)","COG","Congo","2022","2022",128.24961,,
"RESDEN_INHAB_TFTE","Researchers per million inhabitants (FTE)","CRI","Costa Rica","2017","2017",378.87941,,
"RESDEN_INHAB_TFTE","Researchers per million inhabitants (FTE)","CRI","Costa Rica","2018","2018",343.77862,,
"RESDEN_INHAB_TFTE","Researchers per million inhabitants (FTE)","CRI","Costa Rica","2020","2020",365.69417,,
"RESDEN_INHAB_TFTE","Researchers per million inhabitants (FTE)","CRI","Costa Rica","2021","2021",399.35022,,
"RESDEN_INHAB_TFTE","Researchers per million inhabitants (FTE)","HRV","Croatia","2017","2017",1856.81189,,
"RESDEN_INHAB_TFTE","Researchers per million inhabitants (FTE)","HRV","Croatia","2018","2018",1912.06832,,
"RESDEN_INHAB_TFTE","Researchers per million inhabitants (FTE)","HRV","Croatia","2019","2019",2127.93472,,
"RESDEN_INHAB_TFTE","Researchers per million inhabitants (FTE)","HRV","Croatia","2020","2020",2214.7751,,
"RESDEN_INHAB_TFTE","Researchers per million inhabitants (FTE)","HRV","Croatia","2021","2021",2330.83278,,
"RESDEN_INHAB_TFTE","Researchers per million inhabitants (FTE)","HRV","Croatia","2022","2022",2453.00187,,
"RESDEN_INHAB_TFTE","Researchers per million inhabitants (FTE)","CYP","Cyprus","2017","2017",1209.63685,"+","National Estimation"
"RESDEN_INHAB_TFTE","Researchers per million inhabitants (FTE)","CYP","Cyprus","2018","2018",1408.18017,"+","National Estimation"
"RESDEN_INHAB_TFTE","Researchers per million inhabitants (FTE)","CYP","Cyprus","2019","2019",1657.72538,"+","National Estimation"
"RESDEN_INHAB_TFTE","Researchers per million inhabitants (FTE)","CYP","Cyprus","2020","2020",1739.85507,"+","National Estimation"
"RESDEN_INHAB_TFTE","Researchers per million inhabitants (FTE)","CYP","Cyprus","2021","2021",1743.06674,"+","National Estimation"
"RESDEN_INHAB_TFTE","Researchers per million inhabitants (FTE)","CYP","Cyprus","2022","2022",1727.63497,"+","National Estimation"
"RESDEN_INHAB_TFTE","Researchers per million inhabitants (FTE)","EGY","Egypt","2017","2017",647.85695,,
"RESDEN_INHAB_TFTE","Researchers per million inhabitants (FTE)","EGY","Egypt","2018","2018",657.59182,,
"RESDEN_INHAB_TFTE","Researchers per million inhabitants (FTE)","EGY","Egypt","2019","2019",791.01117,,
"RESDEN_INHAB_TFTE","Researchers per million inhabitants (FTE)","EGY","Egypt","2020","2020",804.91071,,
"RESDEN_INHAB_TFTE","Researchers per million inhabitants (FTE)","EGY","Egypt","2021","2021",821.7045,,
"RESDEN_INHAB_TFTE","Researchers per million inhabitants (FTE)","EGY","Egypt","2022","2022",841.40224,,
"RESDEN_INHAB_TFTE","Researchers per million inhabitants (FTE)","EST","Estonia","2017","2017",3552.23048,,
"RESDEN_INHAB_TFTE","Researchers per million inhabitants (FTE)","EST","Estonia","2018","2018",3765.62187,,
"RESDEN_INHAB_TFTE","Researchers per million inhabitants (FTE)","EST","Estonia","2019","2019",3769.83693,,
"RESDEN_INHAB_TFTE","Researchers per million inhabitants (FTE)","EST","Estonia","2020","2020",3835.71868,,
"RESDEN_INHAB_TFTE","Researchers per million inhabitants (FTE)","EST","Estonia","2021","2021",4038.19516,,
"RESDEN_INHAB_TFTE","Researchers per million inhabitants (FTE)","EST","Estonia","2022","2022",4673.84754,,
"RESDEN_INHAB_TFTE","Researchers per million inhabitants (FTE)","ETH","Ethiopia","2017","2017",90.24062,,
"RESDEN_INHAB_TFTE","Researchers per million inhabitants (FTE)","GTM","Guatemala","2017","2017",14.47812,,
"RESDEN_INHAB_TFTE","Researchers per million inhabitants (FTE)","GTM","Guatemala","2018","2018",13.27843,,
"RESDEN_INHAB_TFTE","Researchers per million inhabitants (FTE)","GTM","Guatemala","2019","2019",14.95745,,
"RESDEN_INHAB_TFTE","Researchers per million inhabitants (FTE)","GTM","Guatemala","2020","2020",17.29424,,
"RESDEN_INHAB_TFTE","Researchers per million inhabitants (FTE)","GTM","Guatemala","2021","2021",14.51904,,
"RESDEN_INHAB_TFTE","Researchers per million inhabitants (FTE)","HKG","China, Hong Kong Special Administrative Region","2017","2017",3709.26503,,
"RESDEN_INHAB_TFTE","Researchers per million inhabitants (FTE)","HKG","China, Hong Kong Special Administrative Region","2018","2018",3972.15278,,
"RESDEN_INHAB_TFTE","Researchers per million inhabitants (FTE)","HKG","China, Hong Kong Special Administrative Region","2019","2019",4235.05701,,
"RESDEN_INHAB_TFTE","Researchers per million inhabitants (FTE)","HKG","China, Hong Kong Special Administrative Region","2020","2020",4349.29412,,
"RESDEN_INHAB_TFTE","Researchers per million inhabitants (FTE)","HKG","China, Hong Kong Special Administrative Region","2021","2021",4585.46178,,
"RESDEN_INHAB_TFTE","Researchers per million inhabitants (FTE)","HKG","China, Hong Kong Special Administrative Region","2022","2022",4808.9576,,
"RESDEN_INHAB_TFTE","Researchers per million inhabitants (FTE)","IND","India","2018","2018",251.01397,,
"RESDEN_INHAB_TFTE","Researchers per million inhabitants (FTE)","IND","India","2020","2020",260.38328,,
"RESDEN_INHAB_TFTE","Researchers per million inhabitants (FTE)","JOR","Jordan","2017","2017",577.9223,,
"RESDEN_INHAB_TFTE","Researchers per million inhabitants (FTE)","KWT","Kuwait","2017","2017",504.9046,,
"RESDEN_INHAB_TFTE","Researchers per million inhabitants (FTE)","KWT","Kuwait","2018","2018",503.72785,,
"RESDEN_INHAB_TFTE","Researchers per million inhabitants (FTE)","KWT","Kuwait","2019","2019",175.58415,,
"RESDEN_INHAB_TFTE","Researchers per million inhabitants (FTE)","KWT","Kuwait","2020","2020",165.83262,,
"RESDEN_INHAB_TFTE","Researchers per million inhabitants (FTE)","KWT","Kuwait","2022","2022",181.98084,,
"RESDEN_INHAB_TFTE","Researchers per million inhabitants (FTE)","LVA","Latvia","2017","2017",1772.61368,,
"RESDEN_INHAB_TFTE","Researchers per million inhabitants (FTE)","LVA","Latvia","2018","2018",1776.50389,,
"RESDEN_INHAB_TFTE","Researchers per million inhabitants (FTE)","LVA","Latvia","2019","2019",1885.90386,,
"RESDEN_INHAB_TFTE","Researchers per million inhabitants (FTE)","LVA","Latvia","2020","2020",2135.01786,,
"RESDEN_INHAB_TFTE","Researchers per million inhabitants (FTE)","LVA","Latvia","2021","2021",2404.52392,,
"RESDEN_INHAB_TFTE","Researchers per million inhabitants (FTE)","LVA","Latvia","2022","2022",2289.6563,,
"RESDEN_INHAB_TFTE","Researchers per million inhabitants (FTE)","LTU","Lithuania","2017","2017",2994.60998,,
"RESDEN_INHAB_TFTE","Researchers per million inhabitants (FTE)","LTU","Lithuania","2018","2018",3092.74534,,
"RESDEN_INHAB_TFTE","Researchers per million inhabitants (FTE)","LTU","Lithuania","2019","2019",3364.46717,,
"RESDEN_INHAB_TFTE","Researchers per million inhabitants (FTE)","LTU","Lithuania","2020","2020",3590.71194,,
"RESDEN_INHAB_TFTE","Researchers per million inhabitants (FTE)","LTU","Lithuania","2021","2021",3935.09596,,
"RESDEN_INHAB_TFTE","Researchers per million inhabitants (FTE)","LTU","Lithuania","2022","2022",4189.34303,,
"RESDEN_INHAB_TFTE","Researchers per million inhabitants (FTE)","MKD","North Macedonia","2017","2017",719.23357,,
"RESDEN_INHAB_TFTE","Researchers per million inhabitants (FTE)","MKD","North Macedonia","2018","2018",788.03723,,
"RESDEN_INHAB_TFTE","Researchers per million inhabitants (FTE)","MKD","North Macedonia","2019","2019",775.3953,,
"RESDEN_INHAB_TFTE","Researchers per million inhabitants (FTE)","MKD","North Macedonia","2020","2020",775.23718,,
"RESDEN_INHAB_TFTE","Researchers per million inhabitants (FTE)","MKD","North Macedonia","2021","2021",743.68667,,
"RESDEN_INHAB_TFTE","Researchers per million inhabitants (FTE)","MKD","North Macedonia","2022","2022",642.37487,,
"RESDEN_INHAB_TFTE","Researchers per million inhabitants (FTE)","MDG","Madagascar","2017","2017",30.30991,,
"RESDEN_INHAB_TFTE","Researchers per million inhabitants (FTE)","MDG","Madagascar","2018","2018",33.72828,,
"RESDEN_INHAB_TFTE","Researchers per million inhabitants (FTE)","MYS","Malaysia","2018","2018",2139.51967,,
"RESDEN_INHAB_TFTE","Researchers per million inhabitants (FTE)","MYS","Malaysia","2020","2020",726.45719,,
"RESDEN_INHAB_TFTE","Researchers per million inhabitants (FTE)","MLT","Malta","2017","2017",1970.44959,,
"RESDEN_INHAB_TFTE","Researchers per million inhabitants (FTE)","MLT","Malta","2018","2018",1866.12509,,
"RESDEN_INHAB_TFTE","Researchers per million inhabitants (FTE)","MLT","Malta","2019","2019",1886.77729,,
"RESDEN_INHAB_TFTE","Researchers per million inhabitants (FTE)","MLT","Malta","2020","2020",1983.92841,,
"RESDEN_INHAB_TFTE","Researchers per million inhabitants (FTE)","MLT","Malta","2021","2021",2160.72659,,
"RESDEN_INHAB_TFTE","Researchers per million inhabitants (FTE)","MLT","Malta","2022","2022",2402.44189,,
"RESDEN_INHAB_TFTE","Researchers per million inhabitants (FTE)","MDA","Republic of Moldova","2017","2017",923.49386,"+","National Estimation"
"RESDEN_INHAB_TFTE","Researchers per million inhabitants (FTE)","MDA","Republic of Moldova","2018","2018",903.41782,"+","National Estimation"
"RESDEN_INHAB_TFTE","Researchers per million inhabitants (FTE)","MDA","Republic of Moldova","2019","2019",823.53362,"+","National Estimation"
"RESDEN_INHAB_TFTE","Researchers per million inhabitants (FTE)","MDA","Republic of Moldova","2020","2020",774.67919,"+","National Estimation"
"RESDEN_INHAB_TFTE","Researchers per million inhabitants (FTE)","MDA","Republic of Moldova","2021","2021",781.24167,"+","National Estimation"
"RESDEN_INHAB_TFTE","Researchers per million inhabitants (FTE)","MDA","Republic of Moldova","2022","2022",768.02221,"+","National Estimation"
"RESDEN_INHAB_TFTE","Researchers per million inhabitants (FTE)","MMR","Myanmar","2017","2017",29.79052,,
"RESDEN_INHAB_TFTE","Researchers per million inhabitants (FTE)","MMR","Myanmar","2018","2018",33.86079,,
"RESDEN_INHAB_TFTE","Researchers per million inhabitants (FTE)","MMR","Myanmar","2019","2019",30.17835,,
"RESDEN_INHAB_TFTE","Researchers per million inhabitants (FTE)","MMR","Myanmar","2020","2020",32.55807,,
"RESDEN_INHAB_TFTE","Researchers per million inhabitants (FTE)","MMR","Myanmar","2021","2021",18.96736,,
"RESDEN_INHAB_TFTE","Researchers per million inhabitants (FTE)","MMR","Myanmar","2022","2022",26.19598,,
"RESDEN_INHAB_TFTE","Researchers per million inhabitants (FTE)","PAK","Pakistan","2017","2017",324.85582,,
"RESDEN_INHAB_TFTE","Researchers per million inhabitants (FTE)","PAK","Pakistan","2019","2019",374.40653,,
"RESDEN_INHAB_TFTE","Researchers per million inhabitants (FTE)","PAK","Pakistan","2021","2021",415.30243,,
"RESDEN_INHAB_TFTE","Researchers per million inhabitants (FTE)","PAN","Panama","2017","2017",105.8816,,
"RESDEN_INHAB_TFTE","Researchers per million inhabitants (FTE)","PAN","Panama","2018","2018",107.23832,,
"RESDEN_INHAB_TFTE","Researchers per million inhabitants (FTE)","PAN","Panama","2019","2019",110.72686,,
"RESDEN_INHAB_TFTE","Researchers per million inhabitants (FTE)","PAN","Panama","2020","2020",167.62235,,
"RESDEN_INHAB_TFTE","Researchers per million inhabitants (FTE)","PAN","Panama","2021","2021",134.62088,,
"RESDEN_INHAB_TFTE","Researchers per million inhabitants (FTE)","PAN","Panama","2022","2022",142.03242,,
"RESDEN_INHAB_TFTE","Researchers per million inhabitants (FTE)","PRY","Paraguay","2017","2017",147.04097,,
"RESDEN_INHAB_TFTE","Researchers per million inhabitants (FTE)","PRY","Paraguay","2018","2018",151.8835,,
"RESDEN_INHAB_TFTE","Researchers per million inhabitants (FTE)","PRY","Paraguay","2019","2019",168.95293,,
"RESDEN_INHAB_TFTE","Researchers per million inhabitants (FTE)","PRY","Paraguay","2020","2020",140.87852,,
"RESDEN_INHAB_TFTE","Researchers per million inhabitants (FTE)","PRY","Paraguay","2021","2021",142.39946,,
"RESDEN_INHAB_TFTE","Researchers per million inhabitants (FTE)","PHL","Philippines","2018","2018",172.00786,,
"RESDEN_INHAB_TFTE","Researchers per million inhabitants (FTE)","ROU","Romania","2017","2017",887.30938,,
"RESDEN_INHAB_TFTE","Researchers per million inhabitants (FTE)","ROU","Romania","2018","2018",875.76242,,
"RESDEN_INHAB_TFTE","Researchers per million inhabitants (FTE)","ROU","Romania","2019","2019",887.07363,,
"RESDEN_INHAB_TFTE","Researchers per million inhabitants (FTE)","ROU","Romania","2020","2020",940.54664,,
"RESDEN_INHAB_TFTE","Researchers per million inhabitants (FTE)","ROU","Romania","2021","2021",985.49335,,
"RESDEN_INHAB_TFTE","Researchers per million inhabitants (FTE)","ROU","Romania","2022","2022",993.62641,,
"RESDEN_INHAB_TFTE","Researchers per million inhabitants (FTE)","RUS","Russian Federation","2017","2017",2825.53951,,
"RESDEN_INHAB_TFTE","Researchers per million inhabitants (FTE)","RUS","Russian Federation","2018","2018",2787.2464,,
"RESDEN_INHAB_TFTE","Researchers per million inhabitants (FTE)","RUS","Russian Federation","2019","2019",2749.48531,,
"RESDEN_INHAB_TFTE","Researchers per million inhabitants (FTE)","RUS","Russian Federation","2020","2020",2724.90717,,
"RESDEN_INHAB_TFTE","Researchers per million inhabitants (FTE)","RUS","Russian Federation","2021","2021",2675.55474,"‡","UIS Estimation"
"RESDEN_INHAB_TFTE","Researchers per million inhabitants (FTE)","RUS","Russian Federation","2022","2022",2697.89248,"‡","UIS Estimation"
"RESDEN_INHAB_TFTE","Researchers per million inhabitants (FTE)","RWA","Rwanda","2019","2019",58.50478,,
"RESDEN_INHAB_TFTE","Researchers per million inhabitants (FTE)","RWA","Rwanda","2023","2023",131.85493,,
"RESDEN_INHAB_TFTE","Researchers per million inhabitants (FTE)","SGP","Singapore","2017","2017",6777.63699,,
"RESDEN_INHAB_TFTE","Researchers per million inhabitants (FTE)","SGP","Singapore","2018","2018",6786.69594,,
"RESDEN_INHAB_TFTE","Researchers per million inhabitants (FTE)","SGP","Singapore","2019","2019",7275.63158,,
"RESDEN_INHAB_TFTE","Researchers per million inhabitants (FTE)","SGP","Singapore","2020","2020",7233.741,,
"RESDEN_INHAB_TFTE","Researchers per million inhabitants (FTE)","SGP","Singapore","2021","2021",7425.79081,,
"RESDEN_INHAB_TFTE","Researchers per million inhabitants (FTE)","SVN","Slovenia","2017","2017",4440.84494,,
"RESDEN_INHAB_TFTE","Researchers per million inhabitants (FTE)","SVN","Slovenia","2018","2018",4788.84668,,
"RESDEN_INHAB_TFTE","Researchers per million inhabitants (FTE)","SVN","Slovenia","2019","2019",4980.42048,,
"RESDEN_INHAB_TFTE","Researchers per million inhabitants (FTE)","SVN","Slovenia","2020","2020",5124.62599,,
"RESDEN_INHAB_TFTE","Researchers per million inhabitants (FTE)","SVN","Slovenia","2021","2021",5223.00015,,
"RESDEN_INHAB_TFTE","Researchers per million inhabitants (FTE)","SVN","Slovenia","2022","2022",5352.89125,,
"RESDEN_INHAB_TFTE","Researchers per million inhabitants (FTE)","ZAF","South Africa","2017","2017",524.14553,,
"RESDEN_INHAB_TFTE","Researchers per million inhabitants (FTE)","ZAF","South Africa","2018","2018",510.97357,,
"RESDEN_INHAB_TFTE","Researchers per million inhabitants (FTE)","ZAF","South Africa","2019","2019",491.40996,,
"RESDEN_INHAB_TFTE","Researchers per million inhabitants (FTE)","ZAF","South Africa","2020","2020",472.68092,,
"RESDEN_INHAB_TFTE","Researchers per million inhabitants (FTE)","ZAF","South Africa","2021","2021",469.46779,,
"RESDEN_INHAB_TFTE","Researchers per million inhabitants (FTE)","THA","Thailand","2017","2017",1320.63055,,
"RESDEN_INHAB_TFTE","Researchers per million inhabitants (FTE)","THA","Thailand","2018","2018",1718.45617,,
"RESDEN_INHAB_TFTE","Researchers per million inhabitants (FTE)","THA","Thailand","2019","2019",1749.91905,,
"RESDEN_INHAB_TFTE","Researchers per million inhabitants (FTE)","THA","Thailand","2020","2020",2023.83061,,
"RESDEN_INHAB_TFTE","Researchers per million inhabitants (FTE)","THA","Thailand","2021","2021",1699.05923,,
"RESDEN_INHAB_TFTE","Researchers per million inhabitants (FTE)","TUN","Tunisia","2017","2017",1893.23867,,
"RESDEN_INHAB_TFTE","Researchers per million inhabitants (FTE)","TUN","Tunisia","2018","2018",1765.24484,,
"RESDEN_INHAB_TFTE","Researchers per million inhabitants (FTE)","TUN","Tunisia","2019","2019",1701.58107,,
"RESDEN_INHAB_TFTE","Researchers per million inhabitants (FTE)","TUN","Tunisia","2020","2020",1620.48515,,
"RESDEN_INHAB_TFTE","Researchers per million inhabitants (FTE)","TUN","Tunisia","2021","2021",1584.24254,,
"RESDEN_INHAB_TFTE","Researchers per million inhabitants (FTE)","TUN","Tunisia","2022","2022",1671.98851,,
"RESDEN_INHAB_TFTE","Researchers per million inhabitants (FTE)","UKR","Ukraine","2017","2017",994.07744,"+","National Estimation"
"RESDEN_INHAB_TFTE","Researchers per million inhabitants (FTE)","UKR","Ukraine","2018","2018",988.07663,"+","National Estimation"
"RESDEN_INHAB_TFTE","Researchers per million inhabitants (FTE)","UKR","Ukraine","2019","2019",880.55411,"+","National Estimation"
"RESDEN_INHAB_TFTE","Researchers per million inhabitants (FTE)","UKR","Ukraine","2020","2020",846.24846,"+","National Estimation"
"RESDEN_INHAB_TFTE","Researchers per million inhabitants (FTE)","UKR","Ukraine","2021","2021",752.81183,"+","National Estimation"
"RESDEN_INHAB_TFTE","Researchers per million inhabitants (FTE)","UKR","Ukraine","2022","2022",580.81066,"+","National Estimation"
"RESDEN_INHAB_TFTE","Researchers per million inhabitants (FTE)","URY","Uruguay","2017","2017",749.07945,,
"RESDEN_INHAB_TFTE","Researchers per million inhabitants (FTE)","URY","Uruguay","2018","2018",779.43961,,
"RESDEN_INHAB_TFTE","Researchers per million inhabitants (FTE)","URY","Uruguay","2019","2019",795.96424,,
"RESDEN_INHAB_TFTE","Researchers per million inhabitants (FTE)","URY","Uruguay","2020","2020",813.23793,,
"RESDEN_INHAB_TFTE","Researchers per million inhabitants (FTE)","URY","Uruguay","2021","2021",838.50792,,
"RESDEN_INHAB_TFTE","Researchers per million inhabitants (FTE)","VEN","Venezuela (Bolivarian Republic of)","2019","2019",230.67055,,
"RESDEN_INHAB_TFTE","Researchers per million inhabitants (FTE)","VEN","Venezuela (Bolivarian Republic of)","2020","2020",289.18399,,
"RESDEN_INHAB_TFTE","Researchers per million inhabitants (FTE)","VEN","Venezuela (Bolivarian Republic of)","2021","2021",275.85283,,
"RESDEN_INHAB_TFTE","Researchers per million inhabitants (FTE)","VEN","Venezuela (Bolivarian Republic of)","2022","2022",351.97235,,
"RESDEN_INHAB_TFTE","Researchers per million inhabitants (FTE)","MAC","China, Macao Special Administrative Region","2017","2017",3176.7011,,
"RESDEN_INHAB_TFTE","Researchers per million inhabitants (FTE)","MAC","China, Macao Special Administrative Region","2018","2018",3471.42943,,
"RESDEN_INHAB_TFTE","Researchers per million inhabitants (FTE)","MAC","China, Macao Special Administrative Region","2019","2019",3628.89214,,
"RESDEN_INHAB_TFTE","Researchers per million inhabitants (FTE)","MAC","China, Macao Special Administrative Region","2020","2020",3866.36797,,
"RESDEN_INHAB_TFTE","Researchers per million inhabitants (FTE)","MAC","China, Macao Special Administrative Region","2021","2021",4131.50059,,
"RESDEN_INHAB_TFTE","Researchers per million inhabitants (FTE)","MAC","China, Macao Special Administrative Region","2022","2022",3544.53014,,
"RESDEN_INHAB_TFTE","Researchers per million inhabitants (FTE)","SRB","Serbia","2017","2017",2067.73261,"+","National Estimation"
"RESDEN_INHAB_TFTE","Researchers per million inhabitants (FTE)","SRB","Serbia","2018","2018",2075.98604,"+","National Estimation"
"RESDEN_INHAB_TFTE","Researchers per million inhabitants (FTE)","SRB","Serbia","2019","2019",2087.27636,"+","National Estimation"
"RESDEN_INHAB_TFTE","Researchers per million inhabitants (FTE)","SRB","Serbia","2020","2020",2149.85336,"+","National Estimation"
"RESDEN_INHAB_TFTE","Researchers per million inhabitants (FTE)","SRB","Serbia","2021","2021",2206.70833,"+","National Estimation"
"RESDEN_INHAB_TFTE","Researchers per million inhabitants (FTE)","SRB","Serbia","2022","2022",2349.67681,"+","National Estimation"
"RESDEN_INHAB_TFTE","Researchers per million inhabitants (FTE)","DZA","Algeria","2017","2017",832.42282,,
"RESDEN_INHAB_TFTE","Researchers per million inhabitants (FTE)","BIH","Bosnia and Herzegovina","2017","2017",470.16902,,
"RESDEN_INHAB_TFTE","Researchers per million inhabitants (FTE)","BIH","Bosnia and Herzegovina","2018","2018",458.03728,,
"RESDEN_INHAB_TFTE","Researchers per million inhabitants (FTE)","BIH","Bosnia and Herzegovina","2019","2019",449.22435,,
"RESDEN_INHAB_TFTE","Researchers per million inhabitants (FTE)","BIH","Bosnia and Herzegovina","2020","2020",443.8526,,
"RESDEN_INHAB_TFTE","Researchers per million inhabitants (FTE)","BIH","Bosnia and Herzegovina","2021","2021",442.83083,,
"RESDEN_INHAB_TFTE","Researchers per million inhabitants (FTE)","BIH","Bosnia and Herzegovina","2022","2022",535.00491,,
"RESDEN_INHAB_TFTE","Researchers per million inhabitants (FTE)","CHL","Chile","2017","2017",499.76144,,
"RESDEN_INHAB_TFTE","Researchers per million inhabitants (FTE)","CHL","Chile","2018","2018",529.07152,,
"RESDEN_INHAB_TFTE","Researchers per million inhabitants (FTE)","CHL","Chile","2019","2019",512.46591,,
"RESDEN_INHAB_TFTE","Researchers per million inhabitants (FTE)","CHL","Chile","2020","2020",518.66669,,
"RESDEN_INHAB_TFTE","Researchers per million inhabitants (FTE)","CHL","Chile","2021","2021",639.36154,,
"RESDEN_INHAB_TFTE","Researchers per million inhabitants (FTE)","CHN","China","2017","2017",1237.74195,,
"RESDEN_INHAB_TFTE","Researchers per million inhabitants (FTE)","CHN","China","2018","2018",1319.35596,,
"RESDEN_INHAB_TFTE","Researchers per million inhabitants (FTE)","CHN","China","2019","2019",1485.81754,,
"RESDEN_INHAB_TFTE","Researchers per million inhabitants (FTE)","CHN","China","2020","2020",1601.92217,,
"RESDEN_INHAB_TFTE","Researchers per million inhabitants (FTE)","CHN","China","2021","2021",1687.05679,,
"RESDEN_INHAB_TFTE","Researchers per million inhabitants (FTE)","CHN","China","2022","2022",1849.4608,,
"RESDEN_INHAB_TFTE","Researchers per million inhabitants (FTE)","IDN","Indonesia","2017","2017",216.37348,,
"RESDEN_INHAB_TFTE","Researchers per million inhabitants (FTE)","IDN","Indonesia","2018","2018",217.51867,,
"RESDEN_INHAB_TFTE","Researchers per million inhabitants (FTE)","IDN","Indonesia","2019","2019",391.34138,,
"RESDEN_INHAB_TFTE","Researchers per million inhabitants (FTE)","IDN","Indonesia","2020","2020",399.60761,,
"RESDEN_INHAB_TFTE","Researchers per million inhabitants (FTE)","IRN","Iran (Islamic Republic of)","2017","2017",1417.97595,,
"RESDEN_INHAB_TFTE","Researchers per million inhabitants (FTE)","IRN","Iran (Islamic Republic of)","2019","2019",1597.33931,,
"RESDEN_INHAB_TFTE","Researchers per million inhabitants (FTE)","IRN","Iran (Islamic Republic of)","2021","2021",2249.32639,,
"RESDEN_INHAB_TFTE","Researchers per million inhabitants (FTE)","IRQ","Iraq","2017","2017",101.61423,,
"RESDEN_INHAB_TFTE","Researchers per million inhabitants (FTE)","IRQ","Iraq","2018","2018",106.5256,,
"RESDEN_INHAB_TFTE","Researchers per million inhabitants (FTE)","IRQ","Iraq","2019","2019",117.28555,,
"RESDEN_INHAB_TFTE","Researchers per million inhabitants (FTE)","IRQ","Iraq","2020","2020",135.29593,,
"RESDEN_INHAB_TFTE","Researchers per million inhabitants (FTE)","IRQ","Iraq","2021","2021",162.45588,,
"RESDEN_INHAB_TFTE","Researchers per million inhabitants (FTE)","KEN","Kenya","2022","2022",169.27141,,
"RESDEN_INHAB_TFTE","Researchers per million inhabitants (FTE)","MLI","Mali","2017","2017",32.0137,,
"RESDEN_INHAB_TFTE","Researchers per million inhabitants (FTE)","MLI","Mali","2019","2019",56.61281,,
"RESDEN_INHAB_TFTE","Researchers per million inhabitants (FTE)","MLI","Mali","2021","2021",29.31642,,
"RESDEN_INHAB_TFTE","Researchers per million inhabitants (FTE)","NGA","Nigeria","2019","2019",22.82526,,
"RESDEN_INHAB_TFTE","Researchers per million inhabitants (FTE)","LKA","Sri Lanka","2017","2017",104.71218,,
"RESDEN_INHAB_TFTE","Researchers per million inhabitants (FTE)","LKA","Sri Lanka","2018","2018",104.06004,,
"RESDEN_INHAB_TFTE","Researchers per million inhabitants (FTE)","LKA","Sri Lanka","2020","2020",104.55117,,
"RESDEN_INHAB_TFTE","Researchers per million inhabitants (FTE)","TGO","Togo","2017","2017",38.46865,,
"RESDEN_INHAB_TFTE","Researchers per million inhabitants (FTE)","TGO","Togo","2018","2018",47.6891,,
"RESDEN_INHAB_TFTE","Researchers per million inhabitants (FTE)","TGO","Togo","2019","2019",46.49953,,
"RESDEN_INHAB_TFTE","Researchers per million inhabitants (FTE)","TGO","Togo","2020","2020",45.29121,,
"RESDEN_INHAB_TFTE","Researchers per million inhabitants (FTE)","TGO","Togo","2021","2021",44.86637,,
"RESDEN_INHAB_TFTE","Researchers per million inhabitants (FTE)","TGO","Togo","2022","2022",44.39714,,
"RESDEN_INHAB_TFTE","Researchers per million inhabitants (FTE)","VNM","Viet Nam","2017","2017",715.4071,,
"RESDEN_INHAB_TFTE","Researchers per million inhabitants (FTE)","VNM","Viet Nam","2019","2019",765.51782,,
"RESDEN_INHAB_TFTE","Researchers per million inhabitants (FTE)","VNM","Viet Nam","2021","2021",779.30847,,
"RESDEN_INHAB_TFTE","Researchers per million inhabitants (FTE)","KAZ","Kazakhstan","2017","2017",661.72592,,
"RESDEN_INHAB_TFTE","Researchers per million inhabitants (FTE)","KAZ","Kazakhstan","2018","2018",662.98622,,
"RESDEN_INHAB_TFTE","Researchers per million inhabitants (FTE)","KAZ","Kazakhstan","2019","2019",633.65202,,
"RESDEN_INHAB_TFTE","Researchers per million inhabitants (FTE)","KAZ","Kazakhstan","2020","2020",686.17575,,
"RESDEN_INHAB_TFTE","Researchers per million inhabitants (FTE)","KAZ","Kazakhstan","2021","2021",626.47176,,
"RESDEN_INHAB_TFTE","Researchers per million inhabitants (FTE)","KAZ","Kazakhstan","2022","2022",681.50598,,
"RESDEN_INHAB_TFTE","Researchers per million inhabitants (FTE)","GMB","Gambia","2018","2018",49.97694,,
"RESDEN_INHAB_TFTE","Researchers per million inhabitants (FTE)","MNE","Montenegro","2017","2017",696.82667,,
"RESDEN_INHAB_TFTE","Researchers per million inhabitants (FTE)","MNE","Montenegro","2018","2018",757.903,,
"RESDEN_INHAB_TFTE","Researchers per million inhabitants (FTE)","MNE","Montenegro","2019","2019",743.38011,,
"RESDEN_INHAB_TFTE","Researchers per million inhabitants (FTE)","OMN","Oman","2017","2017",251.47211,,
"RESDEN_INHAB_TFTE","Researchers per million inhabitants (FTE)","OMN","Oman","2018","2018",296.09371,,
"RESDEN_INHAB_TFTE","Researchers per million inhabitants (FTE)","OMN","Oman","2019","2019",382.4452,,
"RESDEN_INHAB_TFTE","Researchers per million inhabitants (FTE)","OMN","Oman","2020","2020",372.68235,,
"RESDEN_INHAB_TFTE","Researchers per million inhabitants (FTE)","OMN","Oman","2021","2021",330.34504,,
"RESDEN_INHAB_TFTE","Researchers per million inhabitants (FTE)","OMN","Oman","2022","2022",381.76595,,
"RESDEN_INHAB_TFTE","Researchers per million inhabitants (FTE)","UZB","Uzbekistan","2017","2017",499.59238,,
"RESDEN_INHAB_TFTE","Researchers per million inhabitants (FTE)","UZB","Uzbekistan","2018","2018",480.43229,,
"RESDEN_INHAB_TFTE","Researchers per million inhabitants (FTE)","UZB","Uzbekistan","2019","2019",421.46492,,
"RESDEN_INHAB_TFTE","Researchers per million inhabitants (FTE)","UZB","Uzbekistan","2020","2020",426.82076,,
"RESDEN_INHAB_TFTE","Researchers per million inhabitants (FTE)","UZB","Uzbekistan","2021","2021",525.33211,,
"RESDEN_INHAB_TFTE","Researchers per million inhabitants (FTE)","UZB","Uzbekistan","2022","2022",547.49145,,
"RESDEN_INHAB_TFTE","Researchers per million inhabitants (FTE)","MUS","Mauritius","2018","2018",463.61583,,
"RESDEN_INHAB_TFTE","Researchers per million inhabitants (FTE)","MUS","Mauritius","2019","2019",540.26017,,
"RESDEN_INHAB_TFTE","Researchers per million inhabitants (FTE)","MUS","Mauritius","2020","2020",552.95846,,
"RESDEN_INHAB_TFTE","Researchers per million inhabitants (FTE)","MUS","Mauritius","2021","2021",556.9283,,
"RESDEN_INHAB_TFTE","Researchers per million inhabitants (FTE)","MUS","Mauritius","2022","2022",569.00982,,
"RESDEN_INHAB_TFTE","Researchers per million inhabitants (FTE)","GEO","Georgia","2017","2017",1389.60565,,
"RESDEN_INHAB_TFTE","Researchers per million inhabitants (FTE)","GEO","Georgia","2018","2018",1553.30612,,
"RESDEN_INHAB_TFTE","Researchers per million inhabitants (FTE)","GEO","Georgia","2019","2019",1799.87186,,
"RESDEN_INHAB_TFTE","Researchers per million inhabitants (FTE)","GEO","Georgia","2020","2020",1812.39011,,
"RESDEN_INHAB_TFTE","Researchers per million inhabitants (FTE)","GEO","Georgia","2021","2021",1717.37086,,
"RESDEN_INHAB_TFTE","Researchers per million inhabitants (FTE)","GEO","Georgia","2022","2022",1823.0265,,
"RESDEN_INHAB_TFTE","Researchers per million inhabitants (FTE)","QAT","Qatar","2018","2018",584.50501,,
"RESDEN_INHAB_TFTE","Researchers per million inhabitants (FTE)","QAT","Qatar","2021","2021",982.50091,,
"RESDEN_INHAB_TFTE","Researchers per million inhabitants (FTE)","40520","Latin America and the Caribbean","2017","2017",583.65112,,
"RESDEN_INHAB_TFTE","Researchers per million inhabitants (FTE)","40520","Latin America and the Caribbean","2018","2018",605.14232,,
"RESDEN_INHAB_TFTE","Researchers per million inhabitants (FTE)","40520","Latin America and the Caribbean","2019","2019",608.82277,,
"RESDEN_INHAB_TFTE","Researchers per million inhabitants (FTE)","40520","Latin America and the Caribbean","2020","2020",623.4793,,
"RESDEN_INHAB_TFTE","Researchers per million inhabitants (FTE)","40520","Latin America and the Caribbean","2021","2021",625.3635,,
"RESDEN_INHAB_TFTE","Researchers per million inhabitants (FTE)","40535","South and West Asia","2017","2017",277.29272,,
"RESDEN_INHAB_TFTE","Researchers per million inhabitants (FTE)","40535","South and West Asia","2018","2018",292.84363,,
"RESDEN_INHAB_TFTE","Researchers per million inhabitants (FTE)","40535","South and West Asia","2019","2019",303.18463,,
"RESDEN_INHAB_TFTE","Researchers per million inhabitants (FTE)","40535","South and West Asia","2020","2020",308.94516,,
"RESDEN_INHAB_TFTE","Researchers per million inhabitants (FTE)","40535","South and West Asia","2021","2021",311.19348,,
"RESDEN_INHAB_TFTE","Researchers per million inhabitants (FTE)","40540","Sub-Saharan Africa","2017","2017",97.98991,,
"RESDEN_INHAB_TFTE","Researchers per million inhabitants (FTE)","40540","Sub-Saharan Africa","2018","2018",97.60634,,
"RESDEN_INHAB_TFTE","Researchers per million inhabitants (FTE)","40540","Sub-Saharan Africa","2019","2019",96.68346,,
"RESDEN_INHAB_TFTE","Researchers per million inhabitants (FTE)","40540","Sub-Saharan Africa","2020","2020",95.0988,,
"RESDEN_INHAB_TFTE","Researchers per million inhabitants (FTE)","40540","Sub-Saharan Africa","2021","2021",94.37717,,
"RESDEN_INHAB_TFTE","Researchers per million inhabitants (FTE)","40515","East Asia and the Pacific","2017","2017",1515.86346,,
"RESDEN_INHAB_TFTE","Researchers per million inhabitants (FTE)","40515","East Asia and the Pacific","2018","2018",1590.51329,,
"RESDEN_INHAB_TFTE","Researchers per million inhabitants (FTE)","40515","East Asia and the Pacific","2019","2019",1715.81471,,
"RESDEN_INHAB_TFTE","Researchers per million inhabitants (FTE)","40515","East Asia and the Pacific","2020","2020",1793.7816,,
"RESDEN_INHAB_TFTE","Researchers per million inhabitants (FTE)","40515","East Asia and the Pacific","2021","2021",1851.08244,,
"RESDEN_INHAB_TFTE","Researchers per million inhabitants (FTE)","40500","North America and Western Europe","2017","2017",4230.15237,,
"RESDEN_INHAB_TFTE","Researchers per million inhabitants (FTE)","40500","North America and Western Europe","2018","2018",4451.29541,,
"RESDEN_INHAB_TFTE","Researchers per million inhabitants (FTE)","40500","North America and Western Europe","2019","2019",4559.51401,,
"RESDEN_INHAB_TFTE","Researchers per million inhabitants (FTE)","40500","North America and Western Europe","2020","2020",4651.79884,,
"RESDEN_INHAB_TFTE","Researchers per million inhabitants (FTE)","40500","North America and Western Europe","2021","2021",4745.77224,,
"RESDEN_INHAB_TFTE","Researchers per million inhabitants (FTE)","40530","Central and Eastern Europe","2017","2017",2134.5507,,
"RESDEN_INHAB_TFTE","Researchers per million inhabitants (FTE)","40530","Central and Eastern Europe","2018","2018",2200.20097,,
"RESDEN_INHAB_TFTE","Researchers per million inhabitants (FTE)","40530","Central and Eastern Europe","2019","2019",2219.27529,,
"RESDEN_INHAB_TFTE","Researchers per million inhabitants (FTE)","40530","Central and Eastern Europe","2020","2020",2266.2489,,
"RESDEN_INHAB_TFTE","Researchers per million inhabitants (FTE)","40530","Central and Eastern Europe","2021","2021",2332.30779,,
"RESDEN_INHAB_TFTE","Researchers per million inhabitants (FTE)","40505","Central Asia","2017","2017",585.47429,,
"RESDEN_INHAB_TFTE","Researchers per million inhabitants (FTE)","40505","Central Asia","2018","2018",580.41054,,
"RESDEN_INHAB_TFTE","Researchers per million inhabitants (FTE)","40505","Central Asia","2019","2019",628.26189,,
"RESDEN_INHAB_TFTE","Researchers per million inhabitants (FTE)","40505","Central Asia","2020","2020",641.50829,,
"RESDEN_INHAB_TFTE","Researchers per million inhabitants (FTE)","40505","Central Asia","2021","2021",662.43347,,
"RESDEN_INHAB_TFTE","Researchers per million inhabitants (FTE)","40525","Arab States","2017","2017",569.15745,,
"RESDEN_INHAB_TFTE","Researchers per million inhabitants (FTE)","40525","Arab States","2018","2018",567.39362,,
"RESDEN_INHAB_TFTE","Researchers per million inhabitants (FTE)","40525","Arab States","2019","2019",599.67075,,
"RESDEN_INHAB_TFTE","Researchers per million inhabitants (FTE)","40525","Arab States","2020","2020",601.92507,,
"RESDEN_INHAB_TFTE","Researchers per million inhabitants (FTE)","40525","Arab States","2021","2021",629.79235,,
"RESDEN_INHAB_TFTE","Researchers per million inhabitants (FTE)","40510","World","2017","2017",1195.1174,,
"RESDEN_INHAB_TFTE","Researchers per million inhabitants (FTE)","40510","World","2018","2018",1244.70302,,
"RESDEN_INHAB_TFTE","Researchers per million inhabitants (FTE)","40510","World","2019","2019",1294.48198,,
"RESDEN_INHAB_TFTE","Researchers per million inhabitants (FTE)","40510","World","2020","2020",1326.85573,,
"RESDEN_INHAB_TFTE","Researchers per million inhabitants (FTE)","40510","World","2021","2021",1352.49955,,
"RESDEN_INHAB_TFTE","Researchers per million inhabitants (FTE)","SLV","El Salvador","2017","2017",65.01456,,
"RESDEN_INHAB_TFTE","Researchers per million inhabitants (FTE)","SLV","El Salvador","2018","2018",72.8499,,
"RESDEN_INHAB_TFTE","Researchers per million inhabitants (FTE)","SLV","El Salvador","2019","2019",75.00583,,
"RESDEN_INHAB_TFTE","Researchers per million inhabitants (FTE)","SLV","El Salvador","2020","2020",59.22697,,
"RESDEN_INHAB_TFTE","Researchers per million inhabitants (FTE)","SLV","El Salvador","2021","2021",64.71527,,
"RESDEN_INHAB_TFTE","Researchers per million inhabitants (FTE)","NAM","Namibia","2022","2022",251.45321,,
"RESDEN_INHAB_TFTE","Researchers per million inhabitants (FTE)","ARE","United Arab Emirates","2018","2018",2516.4252,,
"RESDEN_INHAB_TFTE","Researchers per million inhabitants (FTE)","ARE","United Arab Emirates","2019","2019",2536.50717,,
"RESDEN_INHAB_TFTE","Researchers per million inhabitants (FTE)","ARE","United Arab Emirates","2020","2020",2612.33265,,
"RESDEN_INHAB_TFTE","Researchers per million inhabitants (FTE)","ARE","United Arab Emirates","2021","2021",2666.01537,,
"RESDEN_INHAB_TFTE","Researchers per million inhabitants (FTE)","40612","Central Asia","2017","2017",465.84162,,
"RESDEN_INHAB_TFTE","Researchers per million inhabitants (FTE)","40612","Central Asia","2018","2018",458.58299,,
"RESDEN_INHAB_TFTE","Researchers per million inhabitants (FTE)","40612","Central Asia","2019","2019",424.85232,,
"RESDEN_INHAB_TFTE","Researchers per million inhabitants (FTE)","40612","Central Asia","2020","2020",442.38405,,
"RESDEN_INHAB_TFTE","Researchers per million inhabitants (FTE)","40612","Central Asia","2021","2021",471.52427,,
"RESDEN_INHAB_TFTE","Researchers per million inhabitants (FTE)","40650","Oceania","2017","2017",3421.9255,,
"RESDEN_INHAB_TFTE","Researchers per million inhabitants (FTE)","40650","Oceania","2018","2018",3445.07712,,
"RESDEN_INHAB_TFTE","Researchers per million inhabitants (FTE)","40650","Oceania","2019","2019",3441.25398,,
"RESDEN_INHAB_TFTE","Researchers per million inhabitants (FTE)","40650","Oceania","2020","2020",3367.78399,,
"RESDEN_INHAB_TFTE","Researchers per million inhabitants (FTE)","40650","Oceania","2021","2021",3324.46003,,
"RESDEN_INHAB_TFTE","Researchers per million inhabitants (FTE)","40603","Northern Africa","2017","2017",714.65917,,
"RESDEN_INHAB_TFTE","Researchers per million inhabitants (FTE)","40603","Northern Africa","2018","2018",710.3854,,
"RESDEN_INHAB_TFTE","Researchers per million inhabitants (FTE)","40603","Northern Africa","2019","2019",762.48852,,
"RESDEN_INHAB_TFTE","Researchers per million inhabitants (FTE)","40603","Northern Africa","2020","2020",762.88415,,
"RESDEN_INHAB_TFTE","Researchers per million inhabitants (FTE)","40603","Northern Africa","2021","2021",766.75351,,
"RESDEN_INHAB_TFTE","Researchers per million inhabitants (FTE)","40611","Eastern Asia","2017","2017",1784.70414,,
"RESDEN_INHAB_TFTE","Researchers per million inhabitants (FTE)","40611","Eastern Asia","2018","2018",1872.64045,,
"RESDEN_INHAB_TFTE","Researchers per million inhabitants (FTE)","40611","Eastern Asia","2019","2019",2034.14384,,
"RESDEN_INHAB_TFTE","Researchers per million inhabitants (FTE)","40611","Eastern Asia","2020","2020",2149.93653,,
"RESDEN_INHAB_TFTE","Researchers per million inhabitants (FTE)","40611","Eastern Asia","2021","2021",2249.9251,,
"RESDEN_INHAB_TFTE","Researchers per million inhabitants (FTE)","40675","World","2017","2017",1195.1174,,
"RESDEN_INHAB_TFTE","Researchers per million inhabitants (FTE)","40675","World","2018","2018",1244.70302,,
"RESDEN_INHAB_TFTE","Researchers per million inhabitants (FTE)","40675","World","2019","2019",1294.48198,,
"RESDEN_INHAB_TFTE","Researchers per million inhabitants (FTE)","40675","World","2020","2020",1326.85573,,
"RESDEN_INHAB_TFTE","Researchers per million inhabitants (FTE)","40675","World","2021","2021",1352.49955,,
"RESDEN_INHAB_TFTE","Researchers per million inhabitants (FTE)","40614","Western Asia","2017","2017",963.44066,,
"RESDEN_INHAB_TFTE","Researchers per million inhabitants (FTE)","40614","Western Asia","2018","2018",1011.50598,,
"RESDEN_INHAB_TFTE","Researchers per million inhabitants (FTE)","40614","Western Asia","2019","2019",1066.91751,,
"RESDEN_INHAB_TFTE","Researchers per million inhabitants (FTE)","40614","Western Asia","2020","2020",1114.19897,,
"RESDEN_INHAB_TFTE","Researchers per million inhabitants (FTE)","40614","Western Asia","2021","2021",1215.38326,,
"RESDEN_INHAB_TFTE","Researchers per million inhabitants (FTE)","40550","Small Island Developing States","2017","2017",857.13231,,
"RESDEN_INHAB_TFTE","Researchers per million inhabitants (FTE)","40550","Small Island Developing States","2018","2018",863.48188,,
"RESDEN_INHAB_TFTE","Researchers per million inhabitants (FTE)","40550","Small Island Developing States","2019","2019",908.88323,,
"RESDEN_INHAB_TFTE","Researchers per million inhabitants (FTE)","40550","Small Island Developing States","2020","2020",934.19939,,
"RESDEN_INHAB_TFTE","Researchers per million inhabitants (FTE)","40550","Small Island Developing States","2021","2021",931.17145,,
"RESDEN_INHAB_TFTE","Researchers per million inhabitants (FTE)","40606","Sub-Saharan Africa","2017","2017",99.07435,,
"RESDEN_INHAB_TFTE","Researchers per million inhabitants (FTE)","40606","Sub-Saharan Africa","2018","2018",98.90001,,
"RESDEN_INHAB_TFTE","Researchers per million inhabitants (FTE)","40606","Sub-Saharan Africa","2019","2019",97.98225,,
"RESDEN_INHAB_TFTE","Researchers per million inhabitants (FTE)","40606","Sub-Saharan Africa","2020","2020",96.40406,,
"RESDEN_INHAB_TFTE","Researchers per million inhabitants (FTE)","40606","Sub-Saharan Africa","2021","2021",95.68491,,
"RESDEN_INHAB_TFTE","Researchers per million inhabitants (FTE)","40030","Middle income countries","2017","2017",671.92402,,
"RESDEN_INHAB_TFTE","Researchers per million inhabitants (FTE)","40030","Middle income countries","2018","2018",703.62153,,
"RESDEN_INHAB_TFTE","Researchers per million inhabitants (FTE)","40030","Middle income countries","2019","2019",752.65724,,
"RESDEN_INHAB_TFTE","Researchers per million inhabitants (FTE)","40030","Middle income countries","2020","2020",782.40826,,
"RESDEN_INHAB_TFTE","Researchers per million inhabitants (FTE)","40030","Middle income countries","2021","2021",798.10677,,
"RESDEN_INHAB_TFTE","Researchers per million inhabitants (FTE)","40616","Southern Asia","2017","2017",277.29272,,
"RESDEN_INHAB_TFTE","Researchers per million inhabitants (FTE)","40616","Southern Asia","2018","2018",292.84363,,
"RESDEN_INHAB_TFTE","Researchers per million inhabitants (FTE)","40616","Southern Asia","2019","2019",303.18463,,
"RESDEN_INHAB_TFTE","Researchers per million inhabitants (FTE)","40616","Southern Asia","2020","2020",308.94516,,
"RESDEN_INHAB_TFTE","Researchers per million inhabitants (FTE)","40616","Southern Asia","2021","2021",311.19348,,
"RESDEN_INHAB_TFTE","Researchers per million inhabitants (FTE)","40642","Europe and Northern America","2017","2017",3643.60585,,
"RESDEN_INHAB_TFTE","Researchers per million inhabitants (FTE)","40642","Europe and Northern America","2018","2018",3816.5247,,
"RESDEN_INHAB_TFTE","Researchers per million inhabitants (FTE)","40642","Europe and Northern America","2019","2019",3896.47142,,
"RESDEN_INHAB_TFTE","Researchers per million inhabitants (FTE)","40642","Europe and Northern America","2020","2020",3971.22555,,
"RESDEN_INHAB_TFTE","Researchers per million inhabitants (FTE)","40642","Europe and Northern America","2021","2021",4049.7192,,
"RESDEN_INHAB_TFTE","Researchers per million inhabitants (FTE)","40613","South-Eastern Asia","2017","2017",743.26361,,
"RESDEN_INHAB_TFTE","Researchers per million inhabitants (FTE)","40613","South-Eastern Asia","2018","2018",791.29329,,
"RESDEN_INHAB_TFTE","Researchers per million inhabitants (FTE)","40613","South-Eastern Asia","2019","2019",841.03435,,
"RESDEN_INHAB_TFTE","Researchers per million inhabitants (FTE)","40613","South-Eastern Asia","2020","2020",842.74151,,
"RESDEN_INHAB_TFTE","Researchers per million inhabitants (FTE)","40613","South-Eastern Asia","2021","2021",812.07631,,
"RESDEN_INHAB_TFTE","Researchers per million inhabitants (FTE)","40330","Landlocked Developing Countries","2017","2017",158.15916,,
"RESDEN_INHAB_TFTE","Researchers per million inhabitants (FTE)","40330","Landlocked Developing Countries","2018","2018",157.02849,,
"RESDEN_INHAB_TFTE","Researchers per million inhabitants (FTE)","40330","Landlocked Developing Countries","2019","2019",164.78766,,
"RESDEN_INHAB_TFTE","Researchers per million inhabitants (FTE)","40330","Landlocked Developing Countries","2020","2020",166.02706,,
"RESDEN_INHAB_TFTE","Researchers per million inhabitants (FTE)","40330","Landlocked Developing Countries","2021","2021",169.34228,,
"RESDEN_INHAB_TFTE","Researchers per million inhabitants (FTE)","40620","Europe","2017","2017",3464.79641,,
"RESDEN_INHAB_TFTE","Researchers per million inhabitants (FTE)","40620","Europe","2018","2018",3572.60203,,
"RESDEN_INHAB_TFTE","Researchers per million inhabitants (FTE)","40620","Europe","2019","2019",3662.84499,,
"RESDEN_INHAB_TFTE","Researchers per million inhabitants (FTE)","40620","Europe","2020","2020",3700.01547,,
"RESDEN_INHAB_TFTE","Researchers per million inhabitants (FTE)","40620","Europe","2021","2021",3816.56734,,
"RESDEN_INHAB_TFTE","Researchers per million inhabitants (FTE)","40044","Low income countries","2017","2017",170.43873,,
"RESDEN_INHAB_TFTE","Researchers per million inhabitants (FTE)","40044","Low income countries","2018","2018",174.51142,,
"RESDEN_INHAB_TFTE","Researchers per million inhabitants (FTE)","40044","Low income countries","2019","2019",176.76931,,
"RESDEN_INHAB_TFTE","Researchers per million inhabitants (FTE)","40044","Low income countries","2020","2020",176.03152,,
"RESDEN_INHAB_TFTE","Researchers per million inhabitants (FTE)","40044","Low income countries","2021","2021",176.19841,,
"RESDEN_INHAB_TFTE","Researchers per million inhabitants (FTE)","40334","Least Developed Countries","2017","2017",70.28555,,
"RESDEN_INHAB_TFTE","Researchers per million inhabitants (FTE)","40334","Least Developed Countries","2018","2018",72.01722,,
"RESDEN_INHAB_TFTE","Researchers per million inhabitants (FTE)","40334","Least Developed Countries","2019","2019",72.63639,,
"RESDEN_INHAB_TFTE","Researchers per million inhabitants (FTE)","40334","Least Developed Countries","2020","2020",73.21338,,
"RESDEN_INHAB_TFTE","Researchers per million inhabitants (FTE)","40334","Least Developed Countries","2021","2021",72.47363,,
"RESDEN_INHAB_TFTE","Researchers per million inhabitants (FTE)","40651","Australia and New Zealand","2017","2017",4812.07203,,
"RESDEN_INHAB_TFTE","Researchers per million inhabitants (FTE)","40651","Australia and New Zealand","2018","2018",4850.1384,,
"RESDEN_INHAB_TFTE","Researchers per million inhabitants (FTE)","40651","Australia and New Zealand","2019","2019",4848.78832,,
"RESDEN_INHAB_TFTE","Researchers per million inhabitants (FTE)","40651","Australia and New Zealand","2020","2020",4746.72045,,
"RESDEN_INHAB_TFTE","Researchers per million inhabitants (FTE)","40651","Australia and New Zealand","2021","2021",4695.85642,,
"RESDEN_INHAB_TFTE","Researchers per million inhabitants (FTE)","40043","Upper middle income countries","2017","2017",1073.73363,,
"RESDEN_INHAB_TFTE","Researchers per million inhabitants (FTE)","40043","Upper middle income countries","2018","2018",1131.23596,,
"RESDEN_INHAB_TFTE","Researchers per million inhabitants (FTE)","40043","Upper middle income countries","2019","2019",1227.75776,,
"RESDEN_INHAB_TFTE","Researchers per million inhabitants (FTE)","40043","Upper middle income countries","2020","2020",1290.77707,,
"RESDEN_INHAB_TFTE","Researchers per million inhabitants (FTE)","40043","Upper middle income countries","2021","2021",1327.73922,,
"RESDEN_INHAB_TFTE","Researchers per million inhabitants (FTE)","40617","Northern Africa and Western Asia","2017","2017",848.00944,,
"RESDEN_INHAB_TFTE","Researchers per million inhabitants (FTE)","40617","Northern Africa and Western Asia","2018","2018",871.41144,,
"RESDEN_INHAB_TFTE","Researchers per million inhabitants (FTE)","40617","Northern Africa and Western Asia","2019","2019",925.13991,,
"RESDEN_INHAB_TFTE","Researchers per million inhabitants (FTE)","40617","Northern Africa and Western Asia","2020","2020",950.42232,,
"RESDEN_INHAB_TFTE","Researchers per million inhabitants (FTE)","40617","Northern Africa and Western Asia","2021","2021",1005.26919,,
"RESDEN_INHAB_TFTE","Researchers per million inhabitants (FTE)","40344","Small Island Developing States","2017","2017",824.98939,,
"RESDEN_INHAB_TFTE","Researchers per million inhabitants (FTE)","40344","Small Island Developing States","2018","2018",831.76129,,
"RESDEN_INHAB_TFTE","Researchers per million inhabitants (FTE)","40344","Small Island Developing States","2019","2019",875.01595,,
"RESDEN_INHAB_TFTE","Researchers per million inhabitants (FTE)","40344","Small Island Developing States","2020","2020",899.32435,,
"RESDEN_INHAB_TFTE","Researchers per million inhabitants (FTE)","40344","Small Island Developing States","2021","2021",896.93722,,
"RESDEN_INHAB_TFTE","Researchers per million inhabitants (FTE)","40619","Eastern and South-Eastern Asia","2017","2017",1479.83792,,
"RESDEN_INHAB_TFTE","Researchers per million inhabitants (FTE)","40619","Eastern and South-Eastern Asia","2018","2018",1554.95594,,
"RESDEN_INHAB_TFTE","Researchers per million inhabitants (FTE)","40619","Eastern and South-Eastern Asia","2019","2019",1682.00999,,
"RESDEN_INHAB_TFTE","Researchers per million inhabitants (FTE)","40619","Eastern and South-Eastern Asia","2020","2020",1762.23808,,
"RESDEN_INHAB_TFTE","Researchers per million inhabitants (FTE)","40619","Eastern and South-Eastern Asia","2021","2021",1821.08458,,
"RESDEN_INHAB_TFTE","Researchers per million inhabitants (FTE)","40041","High income countries","2017","2017",4150.19862,,
"RESDEN_INHAB_TFTE","Researchers per million inhabitants (FTE)","40041","High income countries","2018","2018",4332.22794,,
"RESDEN_INHAB_TFTE","Researchers per million inhabitants (FTE)","40041","High income countries","2019","2019",4435.99109,,
"RESDEN_INHAB_TFTE","Researchers per million inhabitants (FTE)","40041","High income countries","2020","2020",4525.29044,,
"RESDEN_INHAB_TFTE","Researchers per million inhabitants (FTE)","40041","High income countries","2021","2021",4650.31329,,
"RESDEN_INHAB_TFTE","Researchers per million inhabitants (FTE)","40630","Latin America and the Caribbean","2017","2017",583.63985,,
"RESDEN_INHAB_TFTE","Researchers per million inhabitants (FTE)","40630","Latin America and the Caribbean","2018","2018",605.13041,,
"RESDEN_INHAB_TFTE","Researchers per million inhabitants (FTE)","40630","Latin America and the Caribbean","2019","2019",608.8138,,
"RESDEN_INHAB_TFTE","Researchers per million inhabitants (FTE)","40630","Latin America and the Caribbean","2020","2020",623.47127,,
"RESDEN_INHAB_TFTE","Researchers per million inhabitants (FTE)","40630","Latin America and the Caribbean","2021","2021",625.35588,,
"RESDEN_INHAB_TFTE","Researchers per million inhabitants (FTE)","40618","Central and Southern Asia","2017","2017",284.08643,,
"RESDEN_INHAB_TFTE","Researchers per million inhabitants (FTE)","40618","Central and Southern Asia","2018","2018",298.83612,,
"RESDEN_INHAB_TFTE","Researchers per million inhabitants (FTE)","40618","Central and Southern Asia","2019","2019",307.60152,,
"RESDEN_INHAB_TFTE","Researchers per million inhabitants (FTE)","40618","Central and Southern Asia","2020","2020",313.81061,,
"RESDEN_INHAB_TFTE","Researchers per million inhabitants (FTE)","40618","Central and Southern Asia","2021","2021",317.06809,,
"RESDEN_INHAB_TFTE","Researchers per million inhabitants (FTE)","40640","Northern America ","2017","2017",4008.06111,,
"RESDEN_INHAB_TFTE","Researchers per million inhabitants (FTE)","40640","Northern America ","2018","2018",4310.37676,,
"RESDEN_INHAB_TFTE","Researchers per million inhabitants (FTE)","40640","Northern America ","2019","2019",4366.53201,,
"RESDEN_INHAB_TFTE","Researchers per million inhabitants (FTE)","40640","Northern America ","2020","2020",4513.68419,,
"RESDEN_INHAB_TFTE","Researchers per million inhabitants (FTE)","40640","Northern America ","2021","2021",4513.88898,,
"RESDEN_INHAB_TFTE","Researchers per million inhabitants (FTE)","40042","Lower middle income countries","2017","2017",298.89992,,
"RESDEN_INHAB_TFTE","Researchers per million inhabitants (FTE)","40042","Lower middle income countries","2018","2018",309.5275,,
"RESDEN_INHAB_TFTE","Researchers per million inhabitants (FTE)","40042","Lower middle income countries","2019","2019",318.34449,,
"RESDEN_INHAB_TFTE","Researchers per million inhabitants (FTE)","40042","Lower middle income countries","2020","2020",321.51138,,
"RESDEN_INHAB_TFTE","Researchers per million inhabitants (FTE)","40042","Lower middle income countries","2021","2021",322.50614,,
"RESDEN_INHAB_TFTE","Researchers per million inhabitants (FTE)","HND","Honduras","2017","2017",34.2629,,
"RESDEN_INHAB_TFTE","Researchers per million inhabitants (FTE)","HND","Honduras","2018","2018",201.23932,,
"RESDEN_INHAB_TFTE","Researchers per million inhabitants (FTE)","HND","Honduras","2019","2019",187.42656,,
"RESDEN_INHAB_TFTE","Researchers per million inhabitants (FTE)","SYR","Syrian Arab Republic","2022","2022",142.01291,,
"RESDEN_INHAB_TFTE","Researchers per million inhabitants (FTE)","TTO","Trinidad and Tobago","2017","2017",485.81699,,
"RESDEN_INHAB_TFTE","Researchers per million inhabitants (FTE)","TTO","Trinidad and Tobago","2018","2018",531.20922,,
"RESDEN_INHAB_TFTE","Researchers per million inhabitants (FTE)","TTO","Trinidad and Tobago","2019","2019",449.53834,,
"RESDEN_INHAB_TFTE","Researchers per million inhabitants (FTE)","TTO","Trinidad and Tobago","2020","2020",590.52778,,
"RESDEN_INHAB_TFTE","Researchers per million inhabitants (FTE)","TTO","Trinidad and Tobago","2021","2021",525.48815,,
"RESDEN_INHAB_TFTE","Researchers per million inhabitants (FTE)","BDI","Burundi","2018","2018",23.19512,,
"RESDEN_INHAB_TFTE","Researchers per million inhabitants (FTE)","AZE","Azerbaijan","2019","2019",1694.46991,,
"RESDEN_INHAB_TFTE","Researchers per million inhabitants (FTE)","AZE","Azerbaijan","2020","2020",1712.16743,,
"RESDEN_INHAB_TFTE","Researchers per million inhabitants (FTE)","AZE","Azerbaijan","2021","2021",1728.76393,,
"RESDEN_INHAB_TFTE","Researchers per million inhabitants (FTE)","AZE","Azerbaijan","2022","2022",1690.6737,,
"RESDEN_INHAB_TFTE","Researchers per million inhabitants (FTE)","BLR","Belarus","2020","2020",1433.59248,,
"RESDEN_INHAB_TFTE","Researchers per million inhabitants (FTE)","BLR","Belarus","2021","2021",1393.54477,,
"RESDEN_INHAB_TFTE","Researchers per million inhabitants (FTE)","BLR","Belarus","2022","2022",1381.79486,,
"RESDEN_INHAB_TFTE","Researchers per million inhabitants (FTE)","MNG","Mongolia","2020","2020",332.19112,,
"RESDEN_INHAB_TFTE","Researchers per million inhabitants (FTE)","MNG","Mongolia","2021","2021",680.27068,,
"RESDEN_INHAB_TFTE","Researchers per million inhabitants (FTE)","MNG","Mongolia","2022","2022",533.64037,,
"RESDEN_INHAB_TFTE","Researchers per million inhabitants (FTE)","SAU","Saudi Arabia","2020","2020",435.44058,,
"RESDEN_INHAB_TFTE","Researchers per million inhabitants (FTE)","SAU","Saudi Arabia","2021","2021",692.33959,,
"RESDEN_INHAB_TFTE","Researchers per million inhabitants (FTE)","SAU","Saudi Arabia","2022","2022",834.80573,,
"RESDEN_INHAB_TFTE","Researchers per million inhabitants (FTE)","ARM","Armenia","2022","2022",1219.93327,,
